{
  "info": {
    "name": "Code Search API",
    "schema": "https://schema.getpostman.com/json/collection/v2.1.0/collection.json"
  },
  "item": [
    {
      "name": "Search Symbol",
      "request": {
        "method": "GET",
        "header": [],
        "url": {
          "raw": "http://localhost:8082/search/symbol?q=Greeter",
          "protocol": "http",
          "host": [
            "localhost"
          ],
          "port": "8082",
          "path": [
            "search",
            "symbol"
          ],
          "query": [
            {
              "key": "q",
              "value": "Greeter"
            }
          ]
        }
      }
    },
    {
      "name": "Find References",
      "request": {
        "method": "GET",
        "header": [],
        "url": {
          "raw": "http://localhost:8082/search/references?q=M:Demo.Core.Greeter.SayHello()",
          "protocol": "http",
          "host": [
            "localhost"
          ],
          "port": "8082",
          "path": [
            "search",
            "references"
          ],
          "query": [
            {
              "key": "q",
              "value": "M:Demo.Core.Greeter.SayHello()"
            }
          ]
        }
      }
    },
    {
      "name": "Impact Analysis",
      "request": {
        "method": "GET",
        "header": [],
        "url": {
          "raw": "http://localhost:8082/search/impact?q=M:Demo.Core.Greeter.SayHello()",
          "protocol": "http",
          "host": [
            "localhost"
          ],
          "port": "8082",
          "path": [
            "search",
            "impact"
          ],
          "query": [
            {
              "key": "q",
              "value": "M:Demo.Core.Greeter.SayHello()"
            }
          ]
        }
      }
    }
  ]
}